{"cameraMode":{"drawMode":0,"name":"Shaded","section":"Shading Mode"},"sceneLighting":false,"audioPlay":false,"sceneViewState":{"m_AlwaysRefresh":false,"showFog":true,"showSkybox":false,"showFlares":true,"showImageEffects":true,"showParticleSystems":true,"showVisualEffectGraphs":true,"m_FxEnabled":true},"in2DMode":false,"pivot":{"x":0.05810356140136719,"y":0.19922733306884767,"z":0.2401134967803955},"rotation":{"x":0.11553674191236496,"y":0.871945321559906,"z":-0.24527029693126679,"w":0.40817734599113467},"size":1.265873670578003,"orthographic":false}